<?xml version="1.0" encoding="UTF-8"?>
<project-private xmlns="http://www.netbeans.org/ns/project-private/1">
    <editor-bookmarks xmlns="http://www.netbeans.org/ns/editor-bookmarks/2" lastBookmarkId="0"/>
    <open-files xmlns="http://www.netbeans.org/ns/projectui-open-files/2">
        <group>
            <file>file:/C:/Users/Taylor/Documents/School/4_Spring_2022/CSC-151%20JAVA%20Programming/GPACalculator%20_V4/GPACalculator/GPACalculator/src/gpacalculator/GPACalculator.java</file>
            <file>file:/C:/Users/Taylor/Documents/School/4_Spring_2022/CSC-151%20JAVA%20Programming/GPACalculator%20_V4/GPACalculator/GPACalculator/src/gpacalculator/MenuGUI.java</file>
        </group>
    </open-files>
</project-private>
